Time,Protocol,Node,Energy,Active,Packets_Sent,Packets_Received,Alarms_Sent
5,DSR,Node A,100.0,True,0,0,8
5,DSR,Node B,99.8,True,1,0,8
5,DSR,Node C,100.0,True,0,0,8
5,DSR,Node D,99.8,True,1,0,8
5,DSR,Node E,100.0,True,0,0,8
5,DSR,Node F,100.0,True,0,0,8
5,DSR,Node G,100.0,True,0,0,8
5,DSR,Node H,100.0,True,0,0,8
5,DSR,Node I,100.0,True,0,0,8
5,DSR,Node J,99.8,True,1,0,8
5,DSR,Node K,100.0,True,0,0,8
5,DSR,Node L,100.0,True,0,0,8
5,DSR,Node M,100.0,True,0,0,8
5,DSR,Node N,99.8,True,1,0,8
5,DSR,Node O,100.0,True,0,0,8
5,DSR,Node P,100.0,True,0,0,8
5,DSR,Node Q,100.0,True,0,0,8
5,DSR,Node R,100.0,True,0,0,8
5,DSR,Node S,100.0,True,0,0,8
5,DSR,Node T,100.0,True,0,0,8
5,DSR,BS,100.0,True,0,0,8
5,SFA,Node A,100.0,True,0,0,8
5,SFA,Node B,100.0,True,0,0,8
5,SFA,Node C,100.0,True,0,0,8
5,SFA,Node D,100.0,True,0,0,8
5,SFA,Node E,100.0,True,0,0,8
5,SFA,Node F,100.0,True,0,0,8
5,SFA,Node G,100.0,True,0,0,8
5,SFA,Node H,100.0,True,0,0,8
5,SFA,Node I,99.8,True,1,0,8
5,SFA,Node J,99.19999999999999,True,2,2,8
5,SFA,Node K,100.0,True,0,0,8
5,SFA,Node L,99.8,True,1,0,8
5,SFA,Node M,99.8,True,1,0,8
5,SFA,Node N,100.0,True,0,0,8
5,SFA,Node O,100.0,True,0,0,8
5,SFA,Node P,99.6,True,2,0,8
5,SFA,Node Q,100.0,True,0,0,8
5,SFA,Node R,100.0,True,0,0,8
5,SFA,Node S,100.0,True,0,0,8
5,SFA,Node T,100.0,True,0,0,8
5,SFA,BS,100.0,True,0,0,8
10,DSR,Node A,99.19999999999999,True,2,2,18
10,DSR,Node B,98.59999999999998,True,4,3,18
10,DSR,Node C,98.39999999999998,True,4,4,18
10,DSR,Node D,97.59999999999997,True,8,4,18
10,DSR,Node E,99.39999999999999,True,2,1,18
10,DSR,Node F,99.19999999999999,True,1,3,18
10,DSR,Node G,98.39999999999998,True,4,4,18
10,DSR,Node H,96.79999999999995,True,10,6,18
10,DSR,Node I,98.99999999999999,True,2,3,18
10,DSR,Node J,98.39999999999998,True,4,4,18
10,DSR,Node K,98.59999999999998,True,4,3,18
10,DSR,Node L,96.99999999999996,True,13,2,18
10,DSR,Node M,97.79999999999997,True,6,5,18
10,DSR,Node N,98.79999999999998,True,3,3,18
10,DSR,Node O,98.99999999999999,True,4,1,18
10,DSR,Node P,97.59999999999997,True,6,6,18
10,DSR,Node Q,97.99999999999997,True,6,4,18
10,DSR,Node R,98.19999999999997,True,5,4,18
10,DSR,Node S,97.79999999999997,True,7,4,18
10,DSR,Node T,96.79999999999995,True,11,5,18
10,DSR,BS,100.0,True,0,0,18
10,SFA,Node A,99.8,True,1,0,18
10,SFA,Node B,99.8,True,1,0,18
10,SFA,Node C,100.0,True,0,0,18
10,SFA,Node D,100.0,True,0,0,18
10,SFA,Node E,100.0,True,0,0,18
10,SFA,Node F,100.0,True,0,0,18
10,SFA,Node G,99.8,True,1,0,18
10,SFA,Node H,100.0,True,0,0,18
10,SFA,Node I,99.8,True,1,0,18
10,SFA,Node J,98.79999999999998,True,3,3,18
10,SFA,Node K,100.0,True,0,0,18
10,SFA,Node L,98.79999999999998,True,3,3,18
10,SFA,Node M,99.39999999999999,True,2,1,18
10,SFA,Node N,99.19999999999999,True,2,2,18
10,SFA,Node O,100.0,True,0,0,18
10,SFA,Node P,99.6,True,2,0,18
10,SFA,Node Q,99.6,True,2,0,18
10,SFA,Node R,100.0,True,0,0,18
10,SFA,Node S,100.0,True,0,0,18
10,SFA,Node T,99.39999999999999,True,2,1,18
10,SFA,BS,100.0,True,0,0,18
15,DSR,Node A,98.59999999999998,True,3,4,28
15,DSR,Node B,97.39999999999996,True,7,6,28
15,DSR,Node C,96.99999999999996,True,7,8,28
15,DSR,Node D,94.99999999999993,True,14,11,28
15,DSR,Node E,98.19999999999997,True,4,5,28
15,DSR,Node F,97.59999999999997,True,5,7,28
15,DSR,Node G,95.79999999999994,True,13,8,28
15,DSR,Node H,96.39999999999995,True,10,8,28
15,DSR,Node I,97.99999999999997,True,4,6,28
15,DSR,Node J,96.59999999999995,True,9,8,28
15,DSR,Node K,98.59999999999998,True,4,3,28
15,DSR,Node L,93.79999999999991,True,27,4,28
15,DSR,Node M,95.39999999999993,True,13,10,28
15,DSR,Node N,98.19999999999997,True,5,4,28
15,DSR,Node O,97.39999999999996,True,7,6,28
15,DSR,Node P,95.19999999999993,True,12,12,28
15,DSR,Node Q,96.59999999999995,True,7,10,28
15,DSR,Node R,95.99999999999994,True,11,9,28
15,DSR,Node S,96.39999999999995,True,10,8,28
15,DSR,Node T,96.39999999999995,True,11,7,28
15,DSR,BS,100.0,True,0,0,28
15,SFA,Node A,99.6,True,2,0,28
15,SFA,Node B,99.39999999999999,True,3,0,28
15,SFA,Node C,98.99999999999999,True,3,2,28
15,SFA,Node D,100.0,True,0,0,28
15,SFA,Node E,100.0,True,0,0,28
15,SFA,Node F,100.0,True,0,0,28
15,SFA,Node G,99.6,True,1,1,28
15,SFA,Node H,99.8,True,1,0,28
15,SFA,Node I,99.8,True,1,0,28
15,SFA,Node J,98.79999999999998,True,3,3,28
15,SFA,Node K,99.6,True,1,1,28
15,SFA,Node L,97.99999999999997,True,5,5,28
15,SFA,Node M,99.39999999999999,True,2,1,28
15,SFA,Node N,98.99999999999999,True,3,2,28
15,SFA,Node O,99.8,True,1,0,28
15,SFA,Node P,99.19999999999999,True,3,1,28
15,SFA,Node Q,99.19999999999999,True,3,1,28
15,SFA,Node R,100.0,True,0,0,28
15,SFA,Node S,100.0,True,0,0,28
15,SFA,Node T,99.19999999999999,True,3,1,28
15,SFA,BS,100.0,True,0,0,28
20,DSR,Node A,96.79999999999995,True,7,9,38
20,DSR,Node B,92.5999999999999,True,19,18,38
20,DSR,Node C,92.7999999999999,True,19,17,38
20,DSR,Node D,86.3999999999998,True,39,29,38
20,DSR,Node E,94.19999999999992,True,16,13,38
20,DSR,Node F,92.5999999999999,True,20,17,38
20,DSR,Node G,92.39999999999989,True,25,13,38
20,DSR,Node H,88.79999999999984,True,35,21,38
20,DSR,Node I,95.59999999999994,True,10,12,38
20,DSR,Node J,90.99999999999987,True,24,21,38
20,DSR,Node K,95.59999999999994,True,13,9,38
20,DSR,Node L,89.99999999999986,True,40,10,38
20,DSR,Node M,89.59999999999985,True,28,24,38
20,DSR,Node N,94.99999999999993,True,13,12,38
20,DSR,Node O,92.7999999999999,True,20,16,38
20,DSR,Node P,87.19999999999982,True,37,27,38
20,DSR,Node Q,88.99999999999984,True,27,28,38
20,DSR,Node R,87.79999999999983,True,37,24,38
20,DSR,Node S,93.79999999999991,True,19,12,38
20,DSR,Node T,90.59999999999987,True,22,25,38
20,DSR,BS,100.0,True,0,0,38
20,SFA,Node A,99.6,True,2,0,38
20,SFA,Node B,99.19999999999999,True,3,1,38
20,SFA,Node C,98.59999999999998,True,4,3,38
20,SFA,Node D,99.6,True,1,1,38
20,SFA,Node E,100.0,True,0,0,38
20,SFA,Node F,100.0,True,0,0,38
20,SFA,Node G,99.39999999999999,True,2,1,38
20,SFA,Node H,98.79999999999998,True,3,3,38
20,SFA,Node I,99.8,True,1,0,38
20,SFA,Node J,98.79999999999998,True,3,3,38
20,SFA,Node K,99.6,True,1,1,38
20,SFA,Node L,97.99999999999997,True,5,5,38
20,SFA,Node M,99.19999999999999,True,3,1,38
20,SFA,Node N,98.59999999999998,True,5,2,38
20,SFA,Node O,99.8,True,1,0,38
20,SFA,Node P,99.19999999999999,True,3,1,38
20,SFA,Node Q,99.19999999999999,True,3,1,38
20,SFA,Node R,100.0,True,0,0,38
20,SFA,Node S,100.0,True,0,0,38
20,SFA,Node T,98.79999999999998,True,5,1,38
20,SFA,BS,100.0,True,0,0,38
25,DSR,Node A,94.39999999999992,True,11,17,48
25,DSR,Node B,89.79999999999986,True,25,26,48
25,DSR,Node C,90.19999999999986,True,22,27,48
25,DSR,Node D,81.39999999999974,True,48,45,48
25,DSR,Node E,91.59999999999988,True,20,22,48
25,DSR,Node F,89.59999999999985,True,26,26,48
25,DSR,Node G,87.39999999999982,True,38,25,48
25,DSR,Node H,84.79999999999978,True,46,30,48
25,DSR,Node I,92.39999999999989,True,15,23,48
25,DSR,Node J,87.19999999999982,True,34,30,48
25,DSR,Node K,92.5999999999999,True,20,17,48
25,DSR,Node L,80.99999999999973,True,70,25,48
25,DSR,Node M,79.99999999999972,True,58,42,48
25,DSR,Node N,92.9999999999999,True,17,18,48
25,DSR,Node O,87.59999999999982,True,32,30,48
25,DSR,Node P,78.7999999999997,True,63,43,48
25,DSR,Node Q,84.59999999999978,True,37,40,48
25,DSR,Node R,85.7999999999998,True,37,34,48
25,DSR,Node S,88.19999999999983,True,35,24,48
25,DSR,Node T,81.79999999999974,True,49,42,48
25,DSR,BS,87.99999999999983,True,60,0,48
25,SFA,Node A,99.39999999999999,True,3,0,48
25,SFA,Node B,99.19999999999999,True,3,1,48
25,SFA,Node C,97.79999999999997,True,6,5,48
25,SFA,Node D,99.6,True,1,1,48
25,SFA,Node E,100.0,True,0,0,48
25,SFA,Node F,100.0,True,0,0,48
25,SFA,Node G,98.99999999999999,True,4,1,48
25,SFA,Node H,98.79999999999998,True,3,3,48
25,SFA,Node I,99.6,True,2,0,48
25,SFA,Node J,98.79999999999998,True,3,3,48
25,SFA,Node K,99.39999999999999,True,2,1,48
25,SFA,Node L,97.99999999999997,True,5,5,48
25,SFA,Node M,98.99999999999999,True,3,2,48
25,SFA,Node N,98.59999999999998,True,5,2,48
25,SFA,Node O,99.39999999999999,True,2,1,48
25,SFA,Node P,99.19999999999999,True,3,1,48
25,SFA,Node Q,98.99999999999999,True,4,1,48
25,SFA,Node R,100.0,True,0,0,48
25,SFA,Node S,99.39999999999999,True,1,2,48
25,SFA,Node T,98.79999999999998,True,5,1,48
25,SFA,BS,100.0,True,0,0,48
30,DSR,Node A,91.59999999999988,True,15,27,58
30,DSR,Node B,82.99999999999976,True,42,43,58
30,DSR,Node C,82.19999999999975,True,38,51,58
30,DSR,Node D,70.99999999999959,True,74,71,58
30,DSR,Node E,86.59999999999981,True,30,37,58
30,DSR,Node F,83.99999999999977,True,39,41,58
30,DSR,Node G,80.99999999999973,True,54,41,58
30,DSR,Node H,76.19999999999966,True,63,56,58
30,DSR,Node I,87.79999999999983,True,23,38,58
30,DSR,Node J,80.99999999999973,True,44,51,58
30,DSR,Node K,88.59999999999984,True,29,28,58
30,DSR,Node L,74.99999999999964,True,82,43,58
30,DSR,Node M,71.9999999999996,True,72,68,58
30,DSR,Node N,87.59999999999982,True,27,35,58
30,DSR,Node O,82.39999999999975,True,41,47,58
30,DSR,Node P,71.5999999999996,True,81,61,58
30,DSR,Node Q,75.19999999999965,True,57,67,58
30,DSR,Node R,73.79999999999963,True,69,62,58
30,DSR,Node S,83.59999999999977,True,42,40,58
30,DSR,Node T,76.39999999999966,True,59,59,58
30,DSR,BS,79.99999999999972,True,100,0,58
30,SFA,Node A,99.19999999999999,True,3,1,58
30,SFA,Node B,99.19999999999999,True,3,1,58
30,SFA,Node C,97.79999999999997,True,6,5,58
30,SFA,Node D,99.6,True,1,1,58
30,SFA,Node E,99.6,True,2,0,58
30,SFA,Node F,100.0,True,0,0,58
30,SFA,Node G,98.99999999999999,True,4,1,58
30,SFA,Node H,98.39999999999998,True,4,4,58
30,SFA,Node I,99.39999999999999,True,3,0,58
30,SFA,Node J,98.79999999999998,True,3,3,58
30,SFA,Node K,99.39999999999999,True,2,1,58
30,SFA,Node L,97.99999999999997,True,5,5,58
30,SFA,Node M,98.79999999999998,True,4,2,58
30,SFA,Node N,98.59999999999998,True,5,2,58
30,SFA,Node O,98.79999999999998,True,3,3,58
30,SFA,Node P,99.19999999999999,True,3,1,58
30,SFA,Node Q,98.79999999999998,True,5,1,58
30,SFA,Node R,100.0,True,0,0,58
30,SFA,Node S,99.19999999999999,True,2,2,58
30,SFA,Node T,98.19999999999997,True,7,2,58
30,SFA,BS,100.0,True,0,0,58
35,DSR,Node A,89.99999999999986,True,18,32,68
35,DSR,Node B,80.59999999999972,True,48,49,68
35,DSR,Node C,80.59999999999972,True,41,56,68
35,DSR,Node D,66.59999999999953,True,86,81,68
35,DSR,Node E,84.59999999999978,True,34,43,68
35,DSR,Node F,81.19999999999973,True,46,48,68
35,DSR,Node G,78.19999999999969,True,59,50,68
35,DSR,Node H,71.7999999999996,True,75,66,68
35,DSR,Node I,85.7999999999998,True,27,44,68
35,DSR,Node J,79.59999999999971,True,47,55,68
35,DSR,Node K,86.3999999999998,True,34,34,68
35,DSR,Node L,68.99999999999956,True,101,54,68
35,DSR,Node M,67.59999999999954,True,84,78,68
35,DSR,Node N,86.1999999999998,True,31,38,68
35,DSR,Node O,79.99999999999972,True,48,52,68
35,DSR,Node P,68.59999999999955,True,87,70,68
35,DSR,Node Q,72.79999999999961,True,64,72,68
35,DSR,Node R,70.99999999999959,True,80,65,68
35,DSR,Node S,81.19999999999973,True,48,46,68
35,DSR,Node T,70.79999999999959,True,75,71,68
35,DSR,BS,79.99999999999972,True,100,0,68
35,SFA,Node A,99.19999999999999,True,3,1,68
35,SFA,Node B,99.19999999999999,True,3,1,68
35,SFA,Node C,97.79999999999997,True,6,5,68
35,SFA,Node D,99.19999999999999,True,3,1,68
35,SFA,Node E,99.6,True,2,0,68
35,SFA,Node F,100.0,True,0,0,68
35,SFA,Node G,97.99999999999997,True,7,3,68
35,SFA,Node H,98.39999999999998,True,4,4,68
35,SFA,Node I,99.39999999999999,True,3,0,68
35,SFA,Node J,98.79999999999998,True,3,3,68
35,SFA,Node K,98.99999999999999,True,3,2,68
35,SFA,Node L,97.99999999999997,True,5,5,68
35,SFA,Node M,98.59999999999998,True,5,2,68
35,SFA,Node N,98.39999999999998,True,6,2,68
35,SFA,Node O,98.39999999999998,True,4,4,68
35,SFA,Node P,99.19999999999999,True,3,1,68
35,SFA,Node Q,98.79999999999998,True,5,1,68
35,SFA,Node R,99.6,True,1,1,68
35,SFA,Node S,98.99999999999999,True,3,2,68
35,SFA,Node T,97.99999999999997,True,7,3,68
35,SFA,BS,100.0,True,0,0,68
40,DSR,Node A,88.19999999999983,True,22,37,78
40,DSR,Node B,78.7999999999997,True,51,55,78
40,DSR,Node C,77.79999999999968,True,47,64,78
40,DSR,Node D,61.99999999999946,True,98,92,78
40,DSR,Node E,80.99999999999973,True,43,52,78
40,DSR,Node F,78.9999999999997,True,51,54,78
40,DSR,Node G,76.19999999999966,True,63,56,78
40,DSR,Node H,67.99999999999955,True,83,77,78
40,DSR,Node I,83.79999999999977,True,31,50,78
40,DSR,Node J,76.99999999999967,True,53,62,78
40,DSR,Node K,84.99999999999979,True,38,37,78
40,DSR,Node L,67.59999999999954,True,103,59,78
40,DSR,Node M,65.39999999999951,True,90,83,78
40,DSR,Node N,83.79999999999977,True,39,42,78
40,DSR,Node O,78.5999999999997,True,50,57,78
40,DSR,Node P,62.19999999999946,True,105,84,78
40,DSR,Node Q,67.99999999999955,True,76,84,78
40,DSR,Node R,68.19999999999955,True,85,74,78
40,DSR,Node S,78.5999999999997,True,54,53,78
40,DSR,Node T,69.19999999999956,True,77,77,78
40,DSR,BS,79.99999999999972,True,100,0,78
40,SFA,Node A,99.19999999999999,True,3,1,78
40,SFA,Node B,99.19999999999999,True,3,1,78
40,SFA,Node C,97.79999999999997,True,6,5,78
40,SFA,Node D,98.99999999999999,True,4,1,78
40,SFA,Node E,99.6,True,2,0,78
40,SFA,Node F,100.0,True,0,0,78
40,SFA,Node G,97.79999999999997,True,8,3,78
40,SFA,Node H,97.79999999999997,True,5,6,78
40,SFA,Node I,99.39999999999999,True,3,0,78
40,SFA,Node J,98.59999999999998,True,4,3,78
40,SFA,Node K,98.99999999999999,True,3,2,78
40,SFA,Node L,97.99999999999997,True,5,5,78
40,SFA,Node M,98.59999999999998,True,5,2,78
40,SFA,Node N,98.39999999999998,True,6,2,78
40,SFA,Node O,98.19999999999997,True,5,4,78
40,SFA,Node P,98.79999999999998,True,4,2,78
40,SFA,Node Q,98.79999999999998,True,5,1,78
40,SFA,Node R,99.19999999999999,True,2,2,78
40,SFA,Node S,98.79999999999998,True,4,2,78
40,SFA,Node T,97.79999999999997,True,8,3,78
40,SFA,BS,100.0,True,0,0,78
45,DSR,Node A,86.59999999999981,True,25,42,88
45,DSR,Node B,74.59999999999964,True,62,65,88
45,DSR,Node C,73.79999999999963,True,56,75,88
45,DSR,Node D,56.59999999999938,True,105,112,88
45,DSR,Node E,77.19999999999968,True,53,61,88
45,DSR,Node F,74.19999999999963,True,63,66,88
45,DSR,Node G,71.3999999999996,True,75,68,88
45,DSR,Node H,60.199999999999434,True,101,98,88
45,DSR,Node I,80.99999999999973,True,36,59,88
45,DSR,Node J,72.39999999999961,True,64,74,88
45,DSR,Node K,82.39999999999975,True,44,44,88
45,DSR,Node L,59.599999999999426,True,124,78,88
45,DSR,Node M,58.99999999999942,True,108,97,88
45,DSR,Node N,81.99999999999974,True,43,47,88
45,DSR,Node O,74.59999999999964,True,59,68,88
45,DSR,Node P,57.399999999999395,True,119,94,88
45,DSR,Node Q,62.999999999999474,True,88,97,88
45,DSR,Node R,63.19999999999948,True,100,84,88
45,DSR,Node S,74.39999999999964,True,62,66,88
45,DSR,Node T,63.19999999999948,True,95,89,88
45,DSR,BS,75.99999999999966,True,120,0,88
45,SFA,Node A,99.19999999999999,True,3,1,88
45,SFA,Node B,99.19999999999999,True,3,1,88
45,SFA,Node C,97.39999999999996,True,7,6,88
45,SFA,Node D,98.99999999999999,True,4,1,88
45,SFA,Node E,98.99999999999999,True,4,1,88
45,SFA,Node F,100.0,True,0,0,88
45,SFA,Node G,97.79999999999997,True,8,3,88
45,SFA,Node H,97.39999999999996,True,6,7,88
45,SFA,Node I,99.39999999999999,True,3,0,88
45,SFA,Node J,98.39999999999998,True,5,3,88
45,SFA,Node K,98.99999999999999,True,3,2,88
45,SFA,Node L,97.39999999999996,True,6,7,88
45,SFA,Node M,98.39999999999998,True,6,2,88
45,SFA,Node N,98.19999999999997,True,7,2,88
45,SFA,Node O,97.99999999999997,True,5,5,88
45,SFA,Node P,98.39999999999998,True,6,2,88
45,SFA,Node Q,98.79999999999998,True,5,1,88
45,SFA,Node R,99.19999999999999,True,2,2,88
45,SFA,Node S,98.59999999999998,True,5,2,88
45,SFA,Node T,97.19999999999996,True,10,4,88
45,SFA,BS,100.0,True,0,0,88
50,DSR,Node A,85.5999999999998,True,27,45,98
50,DSR,Node B,72.79999999999961,True,66,70,98
50,DSR,Node C,72.1999999999996,True,59,80,98
50,DSR,Node D,52.99999999999933,True,118,117,98
50,DSR,Node E,74.59999999999964,True,59,68,98
50,DSR,Node F,71.3999999999996,True,71,72,98
50,DSR,Node G,68.79999999999956,True,83,73,98
50,DSR,Node H,57.399999999999395,True,108,105,98
50,DSR,Node I,79.1999999999997,True,41,63,98
50,DSR,Node J,70.59999999999958,True,68,79,98
50,DSR,Node K,81.39999999999974,True,47,46,98
50,DSR,Node L,54.79999999999936,True,138,88,98
50,DSR,Node M,54.79999999999936,True,120,106,98
50,DSR,Node N,80.19999999999972,True,47,52,98
50,DSR,Node O,72.1999999999996,True,66,73,98
50,DSR,Node P,54.19999999999935,True,132,97,98
50,DSR,Node Q,59.19999999999942,True,97,107,98
50,DSR,Node R,60.999999999999446,True,106,89,98
50,DSR,Node S,72.59999999999961,True,66,71,98
50,DSR,Node T,58.99999999999942,True,111,94,98
50,DSR,BS,75.99999999999966,True,120,0,98
50,SFA,Node A,98.79999999999998,True,5,1,98
50,SFA,Node B,99.19999999999999,True,3,1,98
50,SFA,Node C,97.39999999999996,True,7,6,98
50,SFA,Node D,98.59999999999998,True,5,2,98
50,SFA,Node E,98.59999999999998,True,5,2,98
50,SFA,Node F,100.0,True,0,0,98
50,SFA,Node G,97.79999999999997,True,8,3,98
50,SFA,Node H,97.39999999999996,True,6,7,98
50,SFA,Node I,98.99999999999999,True,4,1,98
50,SFA,Node J,98.39999999999998,True,5,3,98
50,SFA,Node K,98.99999999999999,True,3,2,98
50,SFA,Node L,96.99999999999996,True,8,7,98
50,SFA,Node M,98.39999999999998,True,6,2,98
50,SFA,Node N,98.19999999999997,True,7,2,98
50,SFA,Node O,97.99999999999997,True,5,5,98
50,SFA,Node P,98.39999999999998,True,6,2,98
50,SFA,Node Q,98.59999999999998,True,6,1,98
50,SFA,Node R,98.99999999999999,True,3,2,98
50,SFA,Node S,98.39999999999998,True,5,3,98
50,SFA,Node T,96.99999999999996,True,10,5,98
50,SFA,BS,100.0,True,0,0,98
55,DSR,Node A,83.39999999999976,True,31,52,108
55,DSR,Node B,67.79999999999954,True,78,83,108
55,DSR,Node C,65.99999999999952,True,75,95,108
55,DSR,Node D,46.799999999999244,True,137,129,108
55,DSR,Node E,68.79999999999956,True,73,83,108
55,DSR,Node F,66.59999999999953,True,83,84,108
55,DSR,Node G,63.39999999999948,True,95,88,108
55,DSR,Node H,48.79999999999927,True,129,127,108
55,DSR,Node I,75.79999999999966,True,50,71,108
55,DSR,Node J,64.3999999999995,True,82,96,108
55,DSR,Node K,78.3999999999997,True,55,53,108
55,DSR,Node L,47.79999999999926,True,156,105,108
55,DSR,Node M,46.99999999999925,True,144,121,108
55,DSR,Node N,77.39999999999968,True,53,60,108
55,DSR,Node O,67.99999999999955,True,75,85,108
55,DSR,Node P,45.99999999999923,True,157,113,108
55,DSR,Node Q,49.39999999999928,True,119,134,108
55,DSR,Node R,52.99999999999933,True,129,106,108
55,DSR,Node S,68.19999999999955,True,76,83,108
55,DSR,Node T,49.19999999999928,True,138,116,108
55,DSR,BS,71.9999999999996,True,140,0,108
55,SFA,Node A,98.79999999999998,True,5,1,108
55,SFA,Node B,99.19999999999999,True,3,1,108
55,SFA,Node C,97.19999999999996,True,8,6,108
55,SFA,Node D,98.59999999999998,True,5,2,108
55,SFA,Node E,98.39999999999998,True,5,3,108
55,SFA,Node F,100.0,True,0,0,108
55,SFA,Node G,97.79999999999997,True,8,3,108
55,SFA,Node H,97.39999999999996,True,6,7,108
55,SFA,Node I,98.59999999999998,True,6,1,108
55,SFA,Node J,98.19999999999997,True,6,3,108
55,SFA,Node K,98.99999999999999,True,3,2,108
55,SFA,Node L,96.59999999999995,True,9,8,108
55,SFA,Node M,98.39999999999998,True,6,2,108
55,SFA,Node N,98.19999999999997,True,7,2,108
55,SFA,Node O,97.79999999999997,True,6,5,108
55,SFA,Node P,98.39999999999998,True,6,2,108
55,SFA,Node Q,98.59999999999998,True,6,1,108
55,SFA,Node R,98.99999999999999,True,3,2,108
55,SFA,Node S,97.99999999999997,True,6,4,108
55,SFA,Node T,96.79999999999995,True,11,5,108
55,SFA,BS,100.0,True,0,0,108
60,DSR,Node A,80.99999999999973,True,34,61,118
60,DSR,Node B,64.19999999999949,True,85,94,118
60,DSR,Node C,62.59999999999947,True,81,106,118
60,DSR,Node D,38.99999999999913,True,157,148,118
60,DSR,Node E,63.99999999999949,True,84,96,118
60,DSR,Node F,61.79999999999946,True,94,97,118
60,DSR,Node G,58.39999999999941,True,108,100,118
60,DSR,Node H,42.599999999999184,True,141,146,118
60,DSR,Node I,72.79999999999961,True,54,82,118
60,DSR,Node J,58.39999999999941,True,96,112,118
60,DSR,Node K,75.19999999999965,True,62,62,118
60,DSR,Node L,37.99999999999912,True,181,129,118
60,DSR,Node M,41.199999999999164,True,157,137,118
60,DSR,Node N,73.19999999999962,True,61,73,118
60,DSR,Node O,63.39999999999948,True,84,99,118
60,DSR,Node P,39.199999999999136,True,172,132,118
60,DSR,Node Q,40.19999999999915,True,142,157,118
60,DSR,Node R,45.99999999999923,True,150,120,118
60,DSR,Node S,62.79999999999947,True,88,98,118
60,DSR,Node T,41.59999999999917,True,155,137,118
60,DSR,BS,59.99999999999943,True,200,0,118
60,SFA,Node A,98.79999999999998,True,5,1,118
60,SFA,Node B,98.99999999999999,True,4,1,118
60,SFA,Node C,96.99999999999996,True,9,6,118
60,SFA,Node D,98.59999999999998,True,5,2,118
60,SFA,Node E,98.39999999999998,True,5,3,118
60,SFA,Node F,100.0,True,0,0,118
60,SFA,Node G,97.79999999999997,True,8,3,118
60,SFA,Node H,97.39999999999996,True,6,7,118
60,SFA,Node I,98.59999999999998,True,6,1,118
60,SFA,Node J,97.99999999999997,True,7,3,118
60,SFA,Node K,98.99999999999999,True,3,2,118
60,SFA,Node L,96.59999999999995,True,9,8,118
60,SFA,Node M,97.59999999999997,True,9,3,118
60,SFA,Node N,97.99999999999997,True,8,2,118
60,SFA,Node O,97.39999999999996,True,7,6,118
60,SFA,Node P,97.99999999999997,True,7,3,118
60,SFA,Node Q,97.39999999999996,True,9,4,118
60,SFA,Node R,98.99999999999999,True,3,2,118
60,SFA,Node S,97.99999999999997,True,6,4,118
60,SFA,Node T,96.79999999999995,True,11,5,118
60,SFA,BS,100.0,True,0,0,118
65,DSR,Node A,78.3999999999997,True,38,70,128
65,DSR,Node B,59.99999999999943,True,94,106,128
65,DSR,Node C,58.199999999999406,True,91,118,128
65,DSR,Node D,29.199999999999047,True,188,166,128
65,DSR,Node E,60.59999999999944,True,92,105,128
65,DSR,Node F,56.39999999999938,True,109,109,128
65,DSR,Node G,53.79999999999934,True,120,111,128
65,DSR,Node H,35.99999999999909,True,158,162,128
65,DSR,Node I,68.79999999999956,True,62,94,128
65,DSR,Node J,54.19999999999935,True,105,124,128
65,DSR,Node K,72.59999999999961,True,68,69,128
65,DSR,Node L,32.59999999999904,True,195,142,128
65,DSR,Node M,34.59999999999907,True,176,151,128
65,DSR,Node N,68.59999999999955,True,73,84,128
65,DSR,Node O,58.799999999999415,True,96,110,128
65,DSR,Node P,26.999999999999055,True,211,154,128
65,DSR,Node Q,30.99999999999904,True,168,177,128
65,DSR,Node R,41.999999999999176,True,160,130,128
65,DSR,Node S,58.99999999999942,True,97,108,128
65,DSR,Node T,29.799999999999045,True,192,159,128
65,DSR,BS,51.99999999999932,True,240,0,128
65,SFA,Node A,98.59999999999998,True,6,1,128
65,SFA,Node B,98.99999999999999,True,4,1,128
65,SFA,Node C,96.59999999999995,True,11,6,128
65,SFA,Node D,98.59999999999998,True,5,2,128
65,SFA,Node E,98.39999999999998,True,5,3,128
65,SFA,Node F,100.0,True,0,0,128
65,SFA,Node G,97.79999999999997,True,8,3,128
65,SFA,Node H,97.39999999999996,True,6,7,128
65,SFA,Node I,97.99999999999997,True,8,2,128
65,SFA,Node J,97.99999999999997,True,7,3,128
65,SFA,Node K,98.79999999999998,True,4,2,128
65,SFA,Node L,96.59999999999995,True,9,8,128
65,SFA,Node M,97.39999999999996,True,9,4,128
65,SFA,Node N,97.99999999999997,True,8,2,128
65,SFA,Node O,97.19999999999996,True,7,7,128
65,SFA,Node P,97.99999999999997,True,7,3,128
65,SFA,Node Q,97.19999999999996,True,10,4,128
65,SFA,Node R,98.19999999999997,True,5,4,128
65,SFA,Node S,97.99999999999997,True,6,4,128
65,SFA,Node T,96.59999999999995,True,12,5,128
65,SFA,BS,100.0,True,0,0,128
70,DSR,Node A,75.19999999999965,True,43,81,138
70,DSR,Node B,52.19999999999932,True,112,127,138
70,DSR,Node C,49.19999999999928,True,111,143,138
70,DSR,Node D,19.199999999999083,True,214,190,138
70,DSR,Node E,52.399999999999324,True,108,130,138
70,DSR,Node F,49.599999999999284,True,124,128,138
70,DSR,Node G,44.99999999999922,True,144,131,138
70,DSR,Node H,25.99999999999906,True,181,189,138
70,DSR,Node I,63.39999999999948,True,71,112,138
70,DSR,Node J,46.199999999999235,True,121,148,138
70,DSR,Node K,67.99999999999955,True,80,80,138
70,DSR,Node L,23.799999999999066,True,209,172,138
70,DSR,Node M,20.799999999999077,True,212,184,138
70,DSR,Node N,63.39999999999948,True,84,99,138
70,DSR,Node O,52.99999999999933,True,108,127,138
70,DSR,Node P,18.399999999999086,True,238,170,138
70,DSR,Node Q,21.599999999999074,True,192,200,138
70,DSR,Node R,27.99999999999905,True,194,166,138
70,DSR,Node S,53.199999999999335,True,109,125,138
70,DSR,Node T,23.19999999999907,True,204,180,138
70,DSR,BS,43.999999999999204,True,280,0,138
70,SFA,Node A,98.59999999999998,True,6,1,138
70,SFA,Node B,98.79999999999998,True,4,2,138
70,SFA,Node C,96.39999999999995,True,11,7,138
70,SFA,Node D,97.99999999999997,True,6,4,138
70,SFA,Node E,97.79999999999997,True,6,5,138
70,SFA,Node F,100.0,True,0,0,138
70,SFA,Node G,97.79999999999997,True,8,3,138
70,SFA,Node H,97.19999999999996,True,7,7,138
70,SFA,Node I,97.59999999999997,True,9,3,138
70,SFA,Node J,97.19999999999996,True,9,5,138
70,SFA,Node K,98.19999999999997,True,5,4,138
70,SFA,Node L,96.59999999999995,True,9,8,138
70,SFA,Node M,97.39999999999996,True,9,4,138
70,SFA,Node N,97.79999999999997,True,9,2,138
70,SFA,Node O,97.19999999999996,True,7,7,138
70,SFA,Node P,96.99999999999996,True,10,5,138
70,SFA,Node Q,96.99999999999996,True,10,5,138
70,SFA,Node R,97.99999999999997,True,6,4,138
70,SFA,Node S,97.99999999999997,True,6,4,138
70,SFA,Node T,96.39999999999995,True,13,5,138
70,SFA,BS,95.99999999999994,True,20,0,138
75,DSR,Node A,73.39999999999962,True,47,86,148
75,DSR,Node B,48.199999999999264,True,118,141,148
75,DSR,Node C,45.99999999999923,True,117,153,148
75,DSR,Node D,12.599999999999106,True,227,210,148
75,DSR,Node E,46.799999999999244,True,119,147,148
75,DSR,Node F,45.79999999999923,True,131,140,148
75,DSR,Node G,42.39999999999918,True,150,138,148
75,DSR,Node H,20.19999999999908,True,197,202,148
75,DSR,Node I,60.59999999999944,True,76,121,148
75,DSR,Node J,42.99999999999919,True,127,158,148
75,DSR,Node K,65.39999999999951,True,87,86,148
75,DSR,Node L,14.599999999999099,True,234,193,148
75,DSR,Node M,16.199999999999093,True,220,199,148
75,DSR,Node N,58.99999999999942,True,91,114,148
75,DSR,Node O,48.199999999999264,True,117,142,148
75,DSR,Node P,15.199999999999097,True,245,179,148
75,DSR,Node Q,12.799999999999105,True,215,221,148
75,DSR,Node R,20.999999999999076,True,208,187,148
75,DSR,Node S,48.39999999999927,True,118,140,148
75,DSR,Node T,18.599999999999085,True,214,193,148
75,DSR,BS,31.999999999999037,True,340,0,148
75,SFA,Node A,97.59999999999997,True,8,4,148
75,SFA,Node B,98.59999999999998,True,4,3,148
75,SFA,Node C,96.19999999999995,True,11,8,148
75,SFA,Node D,97.59999999999997,True,6,6,148
75,SFA,Node E,97.59999999999997,True,6,6,148
75,SFA,Node F,99.6,True,0,2,148
75,SFA,Node G,96.79999999999995,True,9,7,148
75,SFA,Node H,96.79999999999995,True,7,9,148
75,SFA,Node I,96.59999999999995,True,10,7,148
75,SFA,Node J,96.99999999999996,True,9,6,148
75,SFA,Node K,97.99999999999997,True,5,5,148
75,SFA,Node L,95.79999999999994,True,11,10,148
75,SFA,Node M,96.99999999999996,True,9,6,148
75,SFA,Node N,97.39999999999996,True,10,3,148
75,SFA,Node O,96.59999999999995,True,8,9,148
75,SFA,Node P,96.79999999999995,True,10,6,148
75,SFA,Node Q,96.39999999999995,True,11,7,148
75,SFA,Node R,97.59999999999997,True,6,6,148
75,SFA,Node S,97.59999999999997,True,6,6,148
75,SFA,Node T,96.19999999999995,True,13,6,148
75,SFA,BS,91.99999999999989,True,40,0,148
80,DSR,Node A,70.99999999999959,True,50,95,158
80,DSR,Node B,42.99999999999919,True,132,153,158
80,DSR,Node C,40.79999999999916,True,130,166,158
80,DSR,Node D,6.59999999999912,True,241,226,158
80,DSR,Node E,43.19999999999919,True,127,157,158
80,DSR,Node F,39.59999999999914,True,146,156,158
80,DSR,Node G,36.7999999999991,True,166,150,158
80,DSR,Node H,14.799999999999098,True,212,214,158
80,DSR,Node I,56.799999999999386,True,83,133,158
80,DSR,Node J,39.39999999999914,True,136,167,158
80,DSR,Node K,61.599999999999454,True,95,97,158
80,DSR,Node L,6.7999999999991205,True,257,209,158
80,DSR,Node M,9.599999999999117,True,239,213,158
80,DSR,Node N,56.19999999999938,True,98,121,158
80,DSR,Node O,43.399999999999196,True,129,154,158
80,DSR,Node P,4.199999999999118,True,279,200,158
80,DSR,Node Q,7.399999999999121,True,229,234,158
80,DSR,Node R,15.199999999999097,True,219,205,158
80,DSR,Node S,43.399999999999196,True,131,152,158
80,DSR,Node T,10.799999999999113,True,237,209,158
80,DSR,BS,19.99999999999908,True,400,0,158
80,SFA,Node A,97.39999999999996,True,9,4,158
80,SFA,Node B,98.59999999999998,True,4,3,158
80,SFA,Node C,95.19999999999993,True,14,10,158
80,SFA,Node D,97.39999999999996,True,6,7,158
80,SFA,Node E,97.59999999999997,True,6,6,158
80,SFA,Node F,99.6,True,0,2,158
80,SFA,Node G,96.79999999999995,True,9,7,158
80,SFA,Node H,96.59999999999995,True,7,10,158
80,SFA,Node I,96.39999999999995,True,10,8,158
80,SFA,Node J,95.99999999999994,True,11,9,158
80,SFA,Node K,97.79999999999997,True,5,6,158
80,SFA,Node L,95.79999999999994,True,11,10,158
80,SFA,Node M,96.79999999999995,True,10,6,158
80,SFA,Node N,97.19999999999996,True,11,3,158
80,SFA,Node O,96.59999999999995,True,8,9,158
80,SFA,Node P,96.19999999999995,True,11,8,158
80,SFA,Node Q,95.99999999999994,True,12,8,158
80,SFA,Node R,97.59999999999997,True,6,6,158
80,SFA,Node S,97.59999999999997,True,6,6,158
80,SFA,Node T,95.99999999999994,True,13,7,158
80,SFA,BS,87.99999999999983,True,60,0,158
85,DSR,Node A,68.99999999999956,True,53,102,168
85,DSR,Node B,38.59999999999913,True,141,166,168
85,DSR,Node C,36.5999999999991,True,140,177,168
85,DSR,Node D,0.0,False,259,241,168
85,DSR,Node E,38.99999999999913,True,134,171,168
85,DSR,Node F,35.19999999999908,True,156,168,168
85,DSR,Node G,32.39999999999904,True,175,163,168
85,DSR,Node H,9.999999999999115,True,223,227,168
85,DSR,Node I,53.199999999999335,True,89,145,168
85,DSR,Node J,33.99999999999906,True,146,184,168
85,DSR,Node K,55.999999999999375,True,109,111,168
85,DSR,Node L,1.1999999999991167,True,271,223,168
85,DSR,Node M,2.799999999999117,True,251,235,168
85,DSR,Node N,52.79999999999933,True,104,132,168
85,DSR,Node O,39.99999999999915,True,135,165,168
85,DSR,Node P,0.0,False,292,211,168
85,DSR,Node Q,0.7999999999991168,True,246,250,168
85,DSR,Node R,7.199999999999121,True,237,227,168
85,DSR,Node S,40.19999999999915,True,137,162,168
85,DSR,Node T,6.19999999999912,True,243,226,168
85,DSR,BS,19.99999999999908,True,400,0,168
85,SFA,Node A,96.99999999999996,True,9,6,168
85,SFA,Node B,97.99999999999997,True,5,5,168
85,SFA,Node C,94.59999999999992,True,15,12,168
85,SFA,Node D,97.19999999999996,True,6,8,168
85,SFA,Node E,96.79999999999995,True,7,9,168
85,SFA,Node F,99.19999999999999,True,0,4,168
85,SFA,Node G,96.39999999999995,True,9,9,168
85,SFA,Node H,96.39999999999995,True,7,11,168
85,SFA,Node I,96.19999999999995,True,10,9,168
85,SFA,Node J,95.39999999999993,True,12,11,168
85,SFA,Node K,97.59999999999997,True,5,7,168
85,SFA,Node L,95.39999999999993,True,11,12,168
85,SFA,Node M,95.99999999999994,True,12,8,168
85,SFA,Node N,96.79999999999995,True,12,4,168
85,SFA,Node O,95.39999999999993,True,10,13,168
85,SFA,Node P,95.99999999999994,True,11,9,168
85,SFA,Node Q,95.59999999999994,True,13,9,168
85,SFA,Node R,97.19999999999996,True,6,8,168
85,SFA,Node S,97.19999999999996,True,6,8,168
85,SFA,Node T,95.79999999999994,True,14,7,168
85,SFA,BS,83.99999999999977,True,80,0,168
90,DSR,Node A,68.19999999999955,True,55,104,178
90,DSR,Node B,34.79999999999907,True,151,175,178
90,DSR,Node C,34.79999999999907,True,147,179,178
90,DSR,Node D,0.0,False,259,241,178
90,DSR,Node E,34.999999999999076,True,144,181,178
90,DSR,Node F,31.999999999999037,True,163,177,178
90,DSR,Node G,30.199999999999044,True,180,169,178
90,DSR,Node H,6.999999999999121,True,233,232,178
90,DSR,Node I,50.999999999999304,True,95,150,178
90,DSR,Node J,31.999999999999037,True,152,188,178
90,DSR,Node K,53.999999999999346,True,115,115,178
90,DSR,Node L,0.0,False,278,225,178
90,DSR,Node M,0.0,False,263,238,178
90,DSR,Node N,51.59999999999931,True,108,134,178
90,DSR,Node O,37.19999999999911,True,142,172,178
90,DSR,Node P,0.0,False,292,211,178
90,DSR,Node Q,0.0,False,251,251,178
90,DSR,Node R,2.1999999999991164,True,254,235,178
90,DSR,Node S,37.59999999999911,True,145,167,178
90,DSR,Node T,1.5999999999991166,True,256,236,178
90,DSR,BS,19.99999999999908,True,400,0,178
90,SFA,Node A,96.99999999999996,True,9,6,178
90,SFA,Node B,97.79999999999997,True,6,5,178
90,SFA,Node C,94.19999999999992,True,16,13,178
90,SFA,Node D,96.79999999999995,True,7,9,178
90,SFA,Node E,96.59999999999995,True,8,9,178
90,SFA,Node F,99.19999999999999,True,0,4,178
90,SFA,Node G,96.39999999999995,True,9,9,178
90,SFA,Node H,96.39999999999995,True,7,11,178
90,SFA,Node I,95.99999999999994,True,11,9,178
90,SFA,Node J,94.99999999999993,True,13,12,178
90,SFA,Node K,97.59999999999997,True,5,7,178
90,SFA,Node L,95.39999999999993,True,11,12,178
90,SFA,Node M,95.79999999999994,True,13,8,178
90,SFA,Node N,95.79999999999994,True,14,7,178
90,SFA,Node O,95.39999999999993,True,10,13,178
90,SFA,Node P,95.39999999999993,True,13,10,178
90,SFA,Node Q,95.59999999999994,True,13,9,178
90,SFA,Node R,97.19999999999996,True,6,8,178
90,SFA,Node S,96.99999999999996,True,7,8,178
90,SFA,Node T,95.79999999999994,True,14,7,178
90,SFA,BS,83.99999999999977,True,80,0,178
95,DSR,Node A,68.19999999999955,True,55,104,188
95,DSR,Node B,31.999999999999037,True,160,180,188
95,DSR,Node C,32.39999999999904,True,156,182,188
95,DSR,Node D,0.0,False,259,241,188
95,DSR,Node E,32.39999999999904,True,152,186,188
95,DSR,Node F,29.399999999999046,True,173,180,188
95,DSR,Node G,28.19999999999905,True,188,171,188
95,DSR,Node H,4.399999999999118,True,243,235,188
95,DSR,Node I,50.399999999999295,True,97,151,188
95,DSR,Node J,30.79999999999904,True,156,190,188
95,DSR,Node K,51.99999999999932,True,121,119,188
95,DSR,Node L,0.0,False,278,225,188
95,DSR,Node M,0.0,False,263,238,188
95,DSR,Node N,51.59999999999931,True,108,134,188
95,DSR,Node O,35.599999999999085,True,148,174,188
95,DSR,Node P,0.0,False,292,211,188
95,DSR,Node Q,0.0,False,251,251,188
95,DSR,Node R,0.0,False,261,239,188
95,DSR,Node S,34.59999999999907,True,156,171,188
95,DSR,Node T,0.0,False,262,238,188
95,DSR,BS,19.99999999999908,True,400,0,188
95,SFA,Node A,96.99999999999996,True,9,6,188
95,SFA,Node B,97.59999999999997,True,6,6,188
95,SFA,Node C,93.99999999999991,True,16,14,188
95,SFA,Node D,96.59999999999995,True,7,10,188
95,SFA,Node E,96.39999999999995,True,8,10,188
95,SFA,Node F,98.79999999999998,True,1,5,188
95,SFA,Node G,95.79999999999994,True,11,10,188
95,SFA,Node H,96.19999999999995,True,7,12,188
95,SFA,Node I,95.59999999999994,True,11,11,188
95,SFA,Node J,94.99999999999993,True,13,12,188
95,SFA,Node K,97.59999999999997,True,5,7,188
95,SFA,Node L,95.19999999999993,True,11,13,188
95,SFA,Node M,94.99999999999993,True,16,9,188
95,SFA,Node N,95.39999999999993,True,14,9,188
95,SFA,Node O,95.19999999999993,True,11,13,188
95,SFA,Node P,95.39999999999993,True,13,10,188
95,SFA,Node Q,95.59999999999994,True,13,9,188
95,SFA,Node R,97.19999999999996,True,6,8,188
95,SFA,Node S,96.99999999999996,True,7,8,188
95,SFA,Node T,95.39999999999993,True,15,8,188
95,SFA,BS,75.99999999999966,True,120,0,188
5,DSR,Node A,0.0,False,8192,0,206
5,DSR,Node B,0.0,False,358,142,206
5,DSR,Node C,0.0,False,324,176,206
5,DSR,Node D,0.0,False,432,72,206
5,DSR,Node E,0.0,False,273,227,206
5,DSR,Node F,0.0,False,342,158,206
5,DSR,Node G,0.0,False,388,113,206
5,DSR,Node H,0.0,False,414,88,206
5,DSR,Node I,7.399999999999121,True,224,239,206
5,DSR,Node J,0.0,False,355,145,206
5,DSR,Node K,22.59999999999907,True,231,156,206
5,DSR,Node L,0.0,False,425,78,206
5,DSR,Node M,0.0,False,420,81,206
5,DSR,Node N,0.0,False,334,167,206
5,DSR,Node O,0.0,False,320,180,206
5,DSR,Node P,0.0,False,432,72,206
5,DSR,Node Q,0.0,False,420,84,206
5,DSR,Node R,0.0,False,410,92,206
5,DSR,Node S,0.0,False,317,184,206
5,DSR,Node T,0.0,False,415,85,206
5,DSR,BS,97.39999999999996,True,13,0,206
5,SFA,Node A,100.0,True,0,0,206
5,SFA,Node B,100.0,True,0,0,206
5,SFA,Node C,100.0,True,0,0,206
5,SFA,Node D,100.0,True,0,0,206
5,SFA,Node E,99.8,True,1,0,206
5,SFA,Node F,100.0,True,0,0,206
5,SFA,Node G,99.8,True,1,0,206
5,SFA,Node H,100.0,True,0,0,206
5,SFA,Node I,99.8,True,1,0,206
5,SFA,Node J,99.8,True,1,0,206
5,SFA,Node K,100.0,True,0,0,206
5,SFA,Node L,100.0,True,0,0,206
5,SFA,Node M,100.0,True,0,0,206
5,SFA,Node N,100.0,True,0,0,206
5,SFA,Node O,100.0,True,0,0,206
5,SFA,Node P,100.0,True,0,0,206
5,SFA,Node Q,100.0,True,0,0,206
5,SFA,Node R,99.6,True,1,1,206
5,SFA,Node S,100.0,True,0,0,206
5,SFA,Node T,99.8,True,1,0,206
5,SFA,BS,100.0,True,0,0,206
10,DSR,Node A,0.0,False,8192,0,216
10,DSR,Node B,0.0,False,358,142,216
10,DSR,Node C,0.0,False,324,176,216
10,DSR,Node D,0.0,False,432,72,216
10,DSR,Node E,0.0,False,273,227,216
10,DSR,Node F,0.0,False,342,158,216
10,DSR,Node G,0.0,False,388,113,216
10,DSR,Node H,0.0,False,414,88,216
10,DSR,Node I,5.5999999999991195,True,228,244,216
10,DSR,Node J,0.0,False,355,145,216
10,DSR,Node K,20.999999999999076,True,238,157,216
10,DSR,Node L,0.0,False,425,78,216
10,DSR,Node M,0.0,False,420,81,216
10,DSR,Node N,0.0,False,334,167,216
10,DSR,Node O,0.0,False,320,180,216
10,DSR,Node P,0.0,False,432,72,216
10,DSR,Node Q,0.0,False,420,84,216
10,DSR,Node R,0.0,False,410,92,216
10,DSR,Node S,0.0,False,317,184,216
10,DSR,Node T,0.0,False,415,85,216
10,DSR,BS,96.19999999999995,True,19,0,216
10,SFA,Node A,100.0,True,0,0,216
10,SFA,Node B,100.0,True,0,0,216
10,SFA,Node C,100.0,True,0,0,216
10,SFA,Node D,99.8,True,1,0,216
10,SFA,Node E,99.8,True,1,0,216
10,SFA,Node F,99.8,True,1,0,216
10,SFA,Node G,99.39999999999999,True,3,0,216
10,SFA,Node H,99.39999999999999,True,3,0,216
10,SFA,Node I,99.8,True,1,0,216
10,SFA,Node J,99.8,True,1,0,216
10,SFA,Node K,100.0,True,0,0,216
10,SFA,Node L,100.0,True,0,0,216
10,SFA,Node M,100.0,True,0,0,216
10,SFA,Node N,100.0,True,0,0,216
10,SFA,Node O,100.0,True,0,0,216
10,SFA,Node P,99.8,True,1,0,216
10,SFA,Node Q,100.0,True,0,0,216
10,SFA,Node R,98.59999999999998,True,3,4,216
10,SFA,Node S,100.0,True,0,0,216
10,SFA,Node T,98.99999999999999,True,2,3,216
10,SFA,BS,100.0,True,0,0,216
15,DSR,Node A,0.0,False,8192,0,226
15,DSR,Node B,0.0,False,358,142,226
15,DSR,Node C,0.0,False,324,176,226
15,DSR,Node D,0.0,False,432,72,226
15,DSR,Node E,0.0,False,273,227,226
15,DSR,Node F,0.0,False,342,158,226
15,DSR,Node G,0.0,False,388,113,226
15,DSR,Node H,0.0,False,414,88,226
15,DSR,Node I,4.399999999999118,True,231,247,226
15,DSR,Node J,0.0,False,355,145,226
15,DSR,Node K,20.599999999999078,True,240,157,226
15,DSR,Node L,0.0,False,425,78,226
15,DSR,Node M,0.0,False,420,81,226
15,DSR,Node N,0.0,False,334,167,226
15,DSR,Node O,0.0,False,320,180,226
15,DSR,Node P,0.0,False,432,72,226
15,DSR,Node Q,0.0,False,420,84,226
15,DSR,Node R,0.0,False,410,92,226
15,DSR,Node S,0.0,False,317,184,226
15,DSR,Node T,0.0,False,415,85,226
15,DSR,BS,94.99999999999993,True,25,0,226
15,SFA,Node A,100.0,True,0,0,226
15,SFA,Node B,99.8,True,1,0,226
15,SFA,Node C,99.8,True,1,0,226
15,SFA,Node D,99.8,True,1,0,226
15,SFA,Node E,99.19999999999999,True,2,2,226
15,SFA,Node F,99.6,True,1,1,226
15,SFA,Node G,99.39999999999999,True,3,0,226
15,SFA,Node H,99.39999999999999,True,3,0,226
15,SFA,Node I,99.39999999999999,True,3,0,226
15,SFA,Node J,99.39999999999999,True,2,1,226
15,SFA,Node K,100.0,True,0,0,226
15,SFA,Node L,99.6,True,1,1,226
15,SFA,Node M,99.6,True,1,1,226
15,SFA,Node N,99.39999999999999,True,2,1,226
15,SFA,Node O,100.0,True,0,0,226
15,SFA,Node P,99.39999999999999,True,2,1,226
15,SFA,Node Q,100.0,True,0,0,226
15,SFA,Node R,98.59999999999998,True,3,4,226
15,SFA,Node S,99.39999999999999,True,2,1,226
15,SFA,Node T,98.99999999999999,True,2,3,226
15,SFA,BS,100.0,True,0,0,226
20,DSR,Node A,0.0,False,8192,0,236
20,DSR,Node B,0.0,False,358,142,236
20,DSR,Node C,0.0,False,324,176,236
20,DSR,Node D,0.0,False,432,72,236
20,DSR,Node E,0.0,False,273,227,236
20,DSR,Node F,0.0,False,342,158,236
20,DSR,Node G,0.0,False,388,113,236
20,DSR,Node H,0.0,False,414,88,236
20,DSR,Node I,3.799999999999118,True,234,247,236
20,DSR,Node J,0.0,False,355,145,236
20,DSR,Node K,19.59999999999908,True,245,157,236
20,DSR,Node L,0.0,False,425,78,236
20,DSR,Node M,0.0,False,420,81,236
20,DSR,Node N,0.0,False,334,167,236
20,DSR,Node O,0.0,False,320,180,236
20,DSR,Node P,0.0,False,432,72,236
20,DSR,Node Q,0.0,False,420,84,236
20,DSR,Node R,0.0,False,410,92,236
20,DSR,Node S,0.0,False,317,184,236
20,DSR,Node T,0.0,False,415,85,236
20,DSR,BS,94.59999999999992,True,27,0,236
20,SFA,Node A,100.0,True,0,0,236
20,SFA,Node B,99.6,True,2,0,236
20,SFA,Node C,99.8,True,1,0,236
20,SFA,Node D,99.8,True,1,0,236
20,SFA,Node E,99.19999999999999,True,2,2,236
20,SFA,Node F,99.6,True,1,1,236
20,SFA,Node G,99.19999999999999,True,4,0,236
20,SFA,Node H,98.79999999999998,True,5,1,236
20,SFA,Node I,99.39999999999999,True,3,0,236
20,SFA,Node J,98.99999999999999,True,3,2,236
20,SFA,Node K,100.0,True,0,0,236
20,SFA,Node L,98.99999999999999,True,4,1,236
20,SFA,Node M,99.6,True,1,1,236
20,SFA,Node N,99.39999999999999,True,2,1,236
20,SFA,Node O,100.0,True,0,0,236
20,SFA,Node P,99.39999999999999,True,2,1,236
20,SFA,Node Q,100.0,True,0,0,236
20,SFA,Node R,98.59999999999998,True,3,4,236
20,SFA,Node S,98.99999999999999,True,3,2,236
20,SFA,Node T,98.99999999999999,True,2,3,236
20,SFA,BS,100.0,True,0,0,236
25,DSR,Node A,0.0,False,8192,0,246
25,DSR,Node B,0.0,False,358,142,246
25,DSR,Node C,0.0,False,324,176,246
25,DSR,Node D,0.0,False,432,72,246
25,DSR,Node E,0.0,False,273,227,246
25,DSR,Node F,0.0,False,342,158,246
25,DSR,Node G,0.0,False,388,113,246
25,DSR,Node H,0.0,False,414,88,246
25,DSR,Node I,2.799999999999117,True,235,251,246
25,DSR,Node J,0.0,False,355,145,246
25,DSR,Node K,18.199999999999086,True,252,157,246
25,DSR,Node L,0.0,False,425,78,246
25,DSR,Node M,0.0,False,420,81,246
25,DSR,Node N,0.0,False,334,167,246
25,DSR,Node O,0.0,False,320,180,246
25,DSR,Node P,0.0,False,432,72,246
25,DSR,Node Q,0.0,False,420,84,246
25,DSR,Node R,0.0,False,410,92,246
25,DSR,Node S,0.0,False,317,184,246
25,DSR,Node T,0.0,False,415,85,246
25,DSR,BS,92.5999999999999,True,37,0,246
25,SFA,Node A,99.8,True,1,0,246
25,SFA,Node B,99.19999999999999,True,3,1,246
25,SFA,Node C,99.6,True,2,0,246
25,SFA,Node D,99.39999999999999,True,2,1,246
25,SFA,Node E,99.19999999999999,True,2,2,246
25,SFA,Node F,99.6,True,1,1,246
25,SFA,Node G,99.19999999999999,True,4,0,246
25,SFA,Node H,98.59999999999998,True,6,1,246
25,SFA,Node I,99.39999999999999,True,3,0,246
25,SFA,Node J,98.99999999999999,True,3,2,246
25,SFA,Node K,99.8,True,1,0,246
25,SFA,Node L,98.99999999999999,True,4,1,246
25,SFA,Node M,99.6,True,1,1,246
25,SFA,Node N,98.99999999999999,True,3,2,246
25,SFA,Node O,100.0,True,0,0,246
25,SFA,Node P,99.39999999999999,True,2,1,246
25,SFA,Node Q,99.8,True,1,0,246
25,SFA,Node R,98.59999999999998,True,3,4,246
25,SFA,Node S,98.59999999999998,True,4,3,246
25,SFA,Node T,98.59999999999998,True,3,4,246
25,SFA,BS,100.0,True,0,0,246
30,DSR,Node A,0.0,False,8192,0,256
30,DSR,Node B,0.0,False,358,142,256
30,DSR,Node C,0.0,False,324,176,256
30,DSR,Node D,0.0,False,432,72,256
30,DSR,Node E,0.0,False,273,227,256
30,DSR,Node F,0.0,False,342,158,256
30,DSR,Node G,0.0,False,388,113,256
30,DSR,Node H,0.0,False,414,88,256
30,DSR,Node I,1.1999999999991167,True,240,254,256
30,DSR,Node J,0.0,False,355,145,256
30,DSR,Node K,17.59999999999909,True,255,157,256
30,DSR,Node L,0.0,False,425,78,256
30,DSR,Node M,0.0,False,420,81,256
30,DSR,Node N,0.0,False,334,167,256
30,DSR,Node O,0.0,False,320,180,256
30,DSR,Node P,0.0,False,432,72,256
30,DSR,Node Q,0.0,False,420,84,256
30,DSR,Node R,0.0,False,410,92,256
30,DSR,Node S,0.0,False,317,184,256
30,DSR,Node T,0.0,False,415,85,256
30,DSR,BS,91.79999999999988,True,41,0,256
30,SFA,Node A,99.8,True,1,0,256
30,SFA,Node B,99.19999999999999,True,3,1,256
30,SFA,Node C,99.6,True,2,0,256
30,SFA,Node D,99.39999999999999,True,2,1,256
30,SFA,Node E,99.19999999999999,True,2,2,256
30,SFA,Node F,98.99999999999999,True,2,3,256
30,SFA,Node G,99.19999999999999,True,4,0,256
30,SFA,Node H,98.39999999999998,True,7,1,256
30,SFA,Node I,99.19999999999999,True,4,0,256
30,SFA,Node J,98.79999999999998,True,4,2,256
30,SFA,Node K,99.8,True,1,0,256
30,SFA,Node L,98.99999999999999,True,4,1,256
30,SFA,Node M,99.6,True,1,1,256
30,SFA,Node N,97.99999999999997,True,7,3,256
30,SFA,Node O,99.6,True,1,1,256
30,SFA,Node P,99.39999999999999,True,2,1,256
30,SFA,Node Q,99.8,True,1,0,256
30,SFA,Node R,98.59999999999998,True,3,4,256
30,SFA,Node S,98.59999999999998,True,4,3,256
30,SFA,Node T,98.59999999999998,True,3,4,256
30,SFA,BS,100.0,True,0,0,256
35,DSR,Node A,0.0,False,8192,0,266
35,DSR,Node B,0.0,False,358,142,266
35,DSR,Node C,0.0,False,324,176,266
35,DSR,Node D,0.0,False,432,72,266
35,DSR,Node E,0.0,False,273,227,266
35,DSR,Node F,0.0,False,342,158,266
35,DSR,Node G,0.0,False,388,113,266
35,DSR,Node H,0.0,False,414,88,266
35,DSR,Node I,0.0,False,243,257,266
35,DSR,Node J,0.0,False,355,145,266
35,DSR,Node K,17.19999999999909,True,257,157,266
35,DSR,Node L,0.0,False,425,78,266
35,DSR,Node M,0.0,False,420,81,266
35,DSR,Node N,0.0,False,334,167,266
35,DSR,Node O,0.0,False,320,180,266
35,DSR,Node P,0.0,False,432,72,266
35,DSR,Node Q,0.0,False,420,84,266
35,DSR,Node R,0.0,False,410,92,266
35,DSR,Node S,0.0,False,317,184,266
35,DSR,Node T,0.0,False,415,85,266
35,DSR,BS,90.79999999999987,True,46,0,266
35,SFA,Node A,99.8,True,1,0,266
35,SFA,Node B,99.19999999999999,True,3,1,266
35,SFA,Node C,99.6,True,2,0,266
35,SFA,Node D,99.19999999999999,True,3,1,266
35,SFA,Node E,98.99999999999999,True,3,2,266
35,SFA,Node F,98.79999999999998,True,3,3,266
35,SFA,Node G,98.79999999999998,True,5,1,266
35,SFA,Node H,98.39999999999998,True,7,1,266
35,SFA,Node I,99.19999999999999,True,4,0,266
35,SFA,Node J,98.39999999999998,True,5,3,266
35,SFA,Node K,99.6,True,2,0,266
35,SFA,Node L,98.99999999999999,True,4,1,266
35,SFA,Node M,99.39999999999999,True,2,1,266
35,SFA,Node N,97.99999999999997,True,7,3,266
35,SFA,Node O,99.19999999999999,True,2,2,266
35,SFA,Node P,98.59999999999998,True,4,3,266
35,SFA,Node Q,99.8,True,1,0,266
35,SFA,Node R,98.59999999999998,True,3,4,266
35,SFA,Node S,98.39999999999998,True,5,3,266
35,SFA,Node T,98.59999999999998,True,3,4,266
35,SFA,BS,100.0,True,0,0,266
40,DSR,Node A,0.0,False,8192,0,276
40,DSR,Node B,0.0,False,358,142,276
40,DSR,Node C,0.0,False,324,176,276
40,DSR,Node D,0.0,False,432,72,276
40,DSR,Node E,0.0,False,273,227,276
40,DSR,Node F,0.0,False,342,158,276
40,DSR,Node G,0.0,False,388,113,276
40,DSR,Node H,0.0,False,414,88,276
40,DSR,Node I,0.0,False,243,257,276
40,DSR,Node J,0.0,False,355,145,276
40,DSR,Node K,15.599999999999095,True,265,157,276
40,DSR,Node L,0.0,False,425,78,276
40,DSR,Node M,0.0,False,420,81,276
40,DSR,Node N,0.0,False,334,167,276
40,DSR,Node O,0.0,False,320,180,276
40,DSR,Node P,0.0,False,432,72,276
40,DSR,Node Q,0.0,False,420,84,276
40,DSR,Node R,0.0,False,410,92,276
40,DSR,Node S,0.0,False,317,184,276
40,DSR,Node T,0.0,False,415,85,276
40,DSR,BS,89.99999999999986,True,50,0,276
40,SFA,Node A,99.6,True,1,1,276
40,SFA,Node B,98.99999999999999,True,3,2,276
40,SFA,Node C,99.39999999999999,True,2,1,276
40,SFA,Node D,98.99999999999999,True,3,2,276
40,SFA,Node E,98.59999999999998,True,4,3,276
40,SFA,Node F,98.59999999999998,True,3,4,276
40,SFA,Node G,98.39999999999998,True,5,3,276
40,SFA,Node H,98.19999999999997,True,8,1,276
40,SFA,Node I,98.99999999999999,True,4,1,276
40,SFA,Node J,97.59999999999997,True,8,4,276
40,SFA,Node K,98.59999999999998,True,4,3,276
40,SFA,Node L,98.99999999999999,True,4,1,276
40,SFA,Node M,99.19999999999999,True,2,2,276
40,SFA,Node N,97.59999999999997,True,8,4,276
40,SFA,Node O,98.99999999999999,True,2,3,276
40,SFA,Node P,97.79999999999997,True,6,5,276
40,SFA,Node Q,99.6,True,1,1,276
40,SFA,Node R,98.39999999999998,True,3,5,276
40,SFA,Node S,97.79999999999997,True,6,5,276
40,SFA,Node T,98.39999999999998,True,3,5,276
40,SFA,BS,95.99999999999994,True,20,0,276
45,DSR,Node A,0.0,False,8192,0,286
45,DSR,Node B,0.0,False,358,142,286
45,DSR,Node C,0.0,False,324,176,286
45,DSR,Node D,0.0,False,432,72,286
45,DSR,Node E,0.0,False,273,227,286
45,DSR,Node F,0.0,False,342,158,286
45,DSR,Node G,0.0,False,388,113,286
45,DSR,Node H,0.0,False,414,88,286
45,DSR,Node I,0.0,False,243,257,286
45,DSR,Node J,0.0,False,355,145,286
45,DSR,Node K,14.599999999999099,True,270,157,286
45,DSR,Node L,0.0,False,425,78,286
45,DSR,Node M,0.0,False,420,81,286
45,DSR,Node N,0.0,False,334,167,286
45,DSR,Node O,0.0,False,320,180,286
45,DSR,Node P,0.0,False,432,72,286
45,DSR,Node Q,0.0,False,420,84,286
45,DSR,Node R,0.0,False,410,92,286
45,DSR,Node S,0.0,False,317,184,286
45,DSR,Node T,0.0,False,415,85,286
45,DSR,BS,89.19999999999985,True,54,0,286
45,SFA,Node A,98.99999999999999,True,2,3,286
45,SFA,Node B,98.99999999999999,True,3,2,286
45,SFA,Node C,98.99999999999999,True,3,2,286
45,SFA,Node D,98.79999999999998,True,3,3,286
45,SFA,Node E,97.99999999999997,True,6,4,286
45,SFA,Node F,97.99999999999997,True,4,6,286
45,SFA,Node G,97.99999999999997,True,6,4,286
45,SFA,Node H,97.99999999999997,True,9,1,286
45,SFA,Node I,98.79999999999998,True,4,2,286
45,SFA,Node J,97.39999999999996,True,8,5,286
45,SFA,Node K,98.59999999999998,True,4,3,286
45,SFA,Node L,98.59999999999998,True,4,3,286
45,SFA,Node M,98.19999999999997,True,4,5,286
45,SFA,Node N,97.39999999999996,True,8,5,286
45,SFA,Node O,98.79999999999998,True,2,4,286
45,SFA,Node P,97.59999999999997,True,6,6,286
45,SFA,Node Q,99.19999999999999,True,2,2,286
45,SFA,Node R,98.19999999999997,True,3,6,286
45,SFA,Node S,97.39999999999996,True,7,6,286
45,SFA,Node T,98.19999999999997,True,3,6,286
45,SFA,BS,91.99999999999989,True,40,0,286
50,DSR,Node A,0.0,False,8192,0,296
50,DSR,Node B,0.0,False,358,142,296
50,DSR,Node C,0.0,False,324,176,296
50,DSR,Node D,0.0,False,432,72,296
50,DSR,Node E,0.0,False,273,227,296
50,DSR,Node F,0.0,False,342,158,296
50,DSR,Node G,0.0,False,388,113,296
50,DSR,Node H,0.0,False,414,88,296
50,DSR,Node I,0.0,False,243,257,296
50,DSR,Node J,0.0,False,355,145,296
50,DSR,Node K,12.999999999999105,True,278,157,296
50,DSR,Node L,0.0,False,425,78,296
50,DSR,Node M,0.0,False,420,81,296
50,DSR,Node N,0.0,False,334,167,296
50,DSR,Node O,0.0,False,320,180,296
50,DSR,Node P,0.0,False,432,72,296
50,DSR,Node Q,0.0,False,420,84,296
50,DSR,Node R,0.0,False,410,92,296
50,DSR,Node S,0.0,False,317,184,296
50,DSR,Node T,0.0,False,415,85,296
50,DSR,BS,88.19999999999983,True,59,0,296
50,SFA,Node A,98.99999999999999,True,2,3,296
50,SFA,Node B,98.79999999999998,True,3,3,296
50,SFA,Node C,98.19999999999997,True,5,4,296
50,SFA,Node D,98.19999999999997,True,4,5,296
50,SFA,Node E,97.79999999999997,True,6,5,296
50,SFA,Node F,97.99999999999997,True,4,6,296
50,SFA,Node G,97.99999999999997,True,6,4,296
50,SFA,Node H,97.99999999999997,True,9,1,296
50,SFA,Node I,98.79999999999998,True,4,2,296
50,SFA,Node J,97.19999999999996,True,8,6,296
50,SFA,Node K,97.79999999999997,True,6,5,296
50,SFA,Node L,98.59999999999998,True,4,3,296
50,SFA,Node M,98.19999999999997,True,4,5,296
50,SFA,Node N,97.19999999999996,True,9,5,296
50,SFA,Node O,98.79999999999998,True,2,4,296
50,SFA,Node P,97.59999999999997,True,6,6,296
50,SFA,Node Q,98.79999999999998,True,3,3,296
50,SFA,Node R,97.99999999999997,True,4,6,296
50,SFA,Node S,97.19999999999996,True,8,6,296
50,SFA,Node T,98.19999999999997,True,3,6,296
50,SFA,BS,91.99999999999989,True,40,0,296
55,DSR,Node A,0.0,False,8192,0,306
55,DSR,Node B,0.0,False,358,142,306
55,DSR,Node C,0.0,False,324,176,306
55,DSR,Node D,0.0,False,432,72,306
55,DSR,Node E,0.0,False,273,227,306
55,DSR,Node F,0.0,False,342,158,306
55,DSR,Node G,0.0,False,388,113,306
55,DSR,Node H,0.0,False,414,88,306
55,DSR,Node I,0.0,False,243,257,306
55,DSR,Node J,0.0,False,355,145,306
55,DSR,Node K,11.999999999999108,True,283,157,306
55,DSR,Node L,0.0,False,425,78,306
55,DSR,Node M,0.0,False,420,81,306
55,DSR,Node N,0.0,False,334,167,306
55,DSR,Node O,0.0,False,320,180,306
55,DSR,Node P,0.0,False,432,72,306
55,DSR,Node Q,0.0,False,420,84,306
55,DSR,Node R,0.0,False,410,92,306
55,DSR,Node S,0.0,False,317,184,306
55,DSR,Node T,0.0,False,415,85,306
55,DSR,BS,87.39999999999982,True,63,0,306
55,SFA,Node A,98.99999999999999,True,2,3,306
55,SFA,Node B,98.79999999999998,True,3,3,306
55,SFA,Node C,97.99999999999997,True,6,4,306
55,SFA,Node D,97.59999999999997,True,5,7,306
55,SFA,Node E,97.39999999999996,True,8,5,306
55,SFA,Node F,97.79999999999997,True,5,6,306
55,SFA,Node G,97.99999999999997,True,6,4,306
55,SFA,Node H,97.99999999999997,True,9,1,306
55,SFA,Node I,98.79999999999998,True,4,2,306
55,SFA,Node J,97.19999999999996,True,8,6,306
55,SFA,Node K,97.79999999999997,True,6,5,306
55,SFA,Node L,98.59999999999998,True,4,3,306
55,SFA,Node M,97.79999999999997,True,5,6,306
55,SFA,Node N,97.19999999999996,True,9,5,306
55,SFA,Node O,98.79999999999998,True,2,4,306
55,SFA,Node P,97.59999999999997,True,6,6,306
55,SFA,Node Q,98.59999999999998,True,4,3,306
55,SFA,Node R,97.99999999999997,True,4,6,306
55,SFA,Node S,96.79999999999995,True,10,6,306
55,SFA,Node T,98.19999999999997,True,3,6,306
55,SFA,BS,91.99999999999989,True,40,0,306
60,DSR,Node A,0.0,False,8192,0,316
60,DSR,Node B,0.0,False,358,142,316
60,DSR,Node C,0.0,False,324,176,316
60,DSR,Node D,0.0,False,432,72,316
60,DSR,Node E,0.0,False,273,227,316
60,DSR,Node F,0.0,False,342,158,316
60,DSR,Node G,0.0,False,388,113,316
60,DSR,Node H,0.0,False,414,88,316
60,DSR,Node I,0.0,False,243,257,316
60,DSR,Node J,0.0,False,355,145,316
60,DSR,Node K,10.399999999999114,True,291,157,316
60,DSR,Node L,0.0,False,425,78,316
60,DSR,Node M,0.0,False,420,81,316
60,DSR,Node N,0.0,False,334,167,316
60,DSR,Node O,0.0,False,320,180,316
60,DSR,Node P,0.0,False,432,72,316
60,DSR,Node Q,0.0,False,420,84,316
60,DSR,Node R,0.0,False,410,92,316
60,DSR,Node S,0.0,False,317,184,316
60,DSR,Node T,0.0,False,415,85,316
60,DSR,BS,86.1999999999998,True,69,0,316
60,SFA,Node A,98.59999999999998,True,4,3,316
60,SFA,Node B,98.79999999999998,True,3,3,316
60,SFA,Node C,97.99999999999997,True,6,4,316
60,SFA,Node D,97.39999999999996,True,6,7,316
60,SFA,Node E,96.39999999999995,True,11,7,316
60,SFA,Node F,97.79999999999997,True,5,6,316
60,SFA,Node G,97.99999999999997,True,6,4,316
60,SFA,Node H,97.99999999999997,True,9,1,316
60,SFA,Node I,98.79999999999998,True,4,2,316
60,SFA,Node J,96.99999999999996,True,9,6,316
60,SFA,Node K,97.79999999999997,True,6,5,316
60,SFA,Node L,98.19999999999997,True,5,4,316
60,SFA,Node M,97.79999999999997,True,5,6,316
60,SFA,Node N,96.79999999999995,True,10,6,316
60,SFA,Node O,98.79999999999998,True,2,4,316
60,SFA,Node P,97.59999999999997,True,6,6,316
60,SFA,Node Q,98.59999999999998,True,4,3,316
60,SFA,Node R,97.59999999999997,True,5,7,316
60,SFA,Node S,96.59999999999995,True,11,6,316
60,SFA,Node T,97.19999999999996,True,5,9,316
60,SFA,BS,91.99999999999989,True,40,0,316
65,DSR,Node A,0.0,False,8192,0,326
65,DSR,Node B,0.0,False,358,142,326
65,DSR,Node C,0.0,False,324,176,326
65,DSR,Node D,0.0,False,432,72,326
65,DSR,Node E,0.0,False,273,227,326
65,DSR,Node F,0.0,False,342,158,326
65,DSR,Node G,0.0,False,388,113,326
65,DSR,Node H,0.0,False,414,88,326
65,DSR,Node I,0.0,False,243,257,326
65,DSR,Node J,0.0,False,355,145,326
65,DSR,Node K,9.399999999999118,True,296,157,326
65,DSR,Node L,0.0,False,425,78,326
65,DSR,Node M,0.0,False,420,81,326
65,DSR,Node N,0.0,False,334,167,326
65,DSR,Node O,0.0,False,320,180,326
65,DSR,Node P,0.0,False,432,72,326
65,DSR,Node Q,0.0,False,420,84,326
65,DSR,Node R,0.0,False,410,92,326
65,DSR,Node S,0.0,False,317,184,326
65,DSR,Node T,0.0,False,415,85,326
65,DSR,BS,85.19999999999979,True,74,0,326
65,SFA,Node A,98.59999999999998,True,4,3,326
65,SFA,Node B,98.79999999999998,True,3,3,326
65,SFA,Node C,97.99999999999997,True,6,4,326
65,SFA,Node D,97.19999999999996,True,7,7,326
65,SFA,Node E,96.19999999999995,True,11,8,326
65,SFA,Node F,97.79999999999997,True,5,6,326
65,SFA,Node G,97.39999999999996,True,8,5,326
65,SFA,Node H,97.99999999999997,True,9,1,326
65,SFA,Node I,98.79999999999998,True,4,2,326
65,SFA,Node J,96.39999999999995,True,11,7,326
65,SFA,Node K,97.79999999999997,True,6,5,326
65,SFA,Node L,98.19999999999997,True,5,4,326
65,SFA,Node M,97.59999999999997,True,6,6,326
65,SFA,Node N,96.59999999999995,True,11,6,326
65,SFA,Node O,98.79999999999998,True,2,4,326
65,SFA,Node P,97.59999999999997,True,6,6,326
65,SFA,Node Q,98.39999999999998,True,5,3,326
65,SFA,Node R,97.39999999999996,True,6,7,326
65,SFA,Node S,96.39999999999995,True,12,6,326
65,SFA,Node T,97.19999999999996,True,5,9,326
65,SFA,BS,91.99999999999989,True,40,0,326
70,DSR,Node A,0.0,False,8192,0,336
70,DSR,Node B,0.0,False,358,142,336
70,DSR,Node C,0.0,False,324,176,336
70,DSR,Node D,0.0,False,432,72,336
70,DSR,Node E,0.0,False,273,227,336
70,DSR,Node F,0.0,False,342,158,336
70,DSR,Node G,0.0,False,388,113,336
70,DSR,Node H,0.0,False,414,88,336
70,DSR,Node I,0.0,False,243,257,336
70,DSR,Node J,0.0,False,355,145,336
70,DSR,Node K,7.799999999999121,True,304,157,336
70,DSR,Node L,0.0,False,425,78,336
70,DSR,Node M,0.0,False,420,81,336
70,DSR,Node N,0.0,False,334,167,336
70,DSR,Node O,0.0,False,320,180,336
70,DSR,Node P,0.0,False,432,72,336
70,DSR,Node Q,0.0,False,420,84,336
70,DSR,Node R,0.0,False,410,92,336
70,DSR,Node S,0.0,False,317,184,336
70,DSR,Node T,0.0,False,415,85,336
70,DSR,BS,84.39999999999978,True,78,0,336
70,SFA,Node A,98.59999999999998,True,4,3,336
70,SFA,Node B,98.59999999999998,True,4,3,336
70,SFA,Node C,97.99999999999997,True,6,4,336
70,SFA,Node D,97.19999999999996,True,7,7,336
70,SFA,Node E,95.79999999999994,True,13,8,336
70,SFA,Node F,97.59999999999997,True,6,6,336
70,SFA,Node G,97.19999999999996,True,8,6,336
70,SFA,Node H,97.99999999999997,True,9,1,336
70,SFA,Node I,98.79999999999998,True,4,2,336
70,SFA,Node J,96.39999999999995,True,11,7,336
70,SFA,Node K,97.79999999999997,True,6,5,336
70,SFA,Node L,98.19999999999997,True,5,4,336
70,SFA,Node M,97.39999999999996,True,7,6,336
70,SFA,Node N,96.19999999999995,True,12,7,336
70,SFA,Node O,98.79999999999998,True,2,4,336
70,SFA,Node P,97.59999999999997,True,6,6,336
70,SFA,Node Q,97.79999999999997,True,7,4,336
70,SFA,Node R,97.39999999999996,True,6,7,336
70,SFA,Node S,96.19999999999995,True,12,7,336
70,SFA,Node T,96.79999999999995,True,6,10,336
70,SFA,BS,91.99999999999989,True,40,0,336
75,DSR,Node A,0.0,False,8192,0,346
75,DSR,Node B,0.0,False,358,142,346
75,DSR,Node C,0.0,False,324,176,346
75,DSR,Node D,0.0,False,432,72,346
75,DSR,Node E,0.0,False,273,227,346
75,DSR,Node F,0.0,False,342,158,346
75,DSR,Node G,0.0,False,388,113,346
75,DSR,Node H,0.0,False,414,88,346
75,DSR,Node I,0.0,False,243,257,346
75,DSR,Node J,0.0,False,355,145,346
75,DSR,Node K,6.7999999999991205,True,309,157,346
75,DSR,Node L,0.0,False,425,78,346
75,DSR,Node M,0.0,False,420,81,346
75,DSR,Node N,0.0,False,334,167,346
75,DSR,Node O,0.0,False,320,180,346
75,DSR,Node P,0.0,False,432,72,346
75,DSR,Node Q,0.0,False,420,84,346
75,DSR,Node R,0.0,False,410,92,346
75,DSR,Node S,0.0,False,317,184,346
75,DSR,Node T,0.0,False,415,85,346
75,DSR,BS,83.39999999999976,True,83,0,346
75,SFA,Node A,98.39999999999998,True,4,4,346
75,SFA,Node B,98.39999999999998,True,4,4,346
75,SFA,Node C,97.79999999999997,True,6,5,346
75,SFA,Node D,96.79999999999995,True,8,8,346
75,SFA,Node E,95.59999999999994,True,13,9,346
75,SFA,Node F,97.19999999999996,True,7,7,346
75,SFA,Node G,96.99999999999996,True,8,7,346
75,SFA,Node H,97.79999999999997,True,10,1,346
75,SFA,Node I,98.19999999999997,True,5,4,346
75,SFA,Node J,96.19999999999995,True,11,8,346
75,SFA,Node K,97.59999999999997,True,6,6,346
75,SFA,Node L,97.79999999999997,True,6,5,346
75,SFA,Node M,96.59999999999995,True,9,8,346
75,SFA,Node N,95.79999999999994,True,13,8,346
75,SFA,Node O,98.59999999999998,True,2,5,346
75,SFA,Node P,96.99999999999996,True,7,8,346
75,SFA,Node Q,97.39999999999996,True,7,6,346
75,SFA,Node R,97.19999999999996,True,6,8,346
75,SFA,Node S,95.99999999999994,True,12,8,346
75,SFA,Node T,96.59999999999995,True,6,11,346
75,SFA,BS,87.99999999999983,True,60,0,346
80,DSR,Node A,0.0,False,8192,0,356
80,DSR,Node B,0.0,False,358,142,356
80,DSR,Node C,0.0,False,324,176,356
80,DSR,Node D,0.0,False,432,72,356
80,DSR,Node E,0.0,False,273,227,356
80,DSR,Node F,0.0,False,342,158,356
80,DSR,Node G,0.0,False,388,113,356
80,DSR,Node H,0.0,False,414,88,356
80,DSR,Node I,0.0,False,243,257,356
80,DSR,Node J,0.0,False,355,145,356
80,DSR,Node K,5.199999999999119,True,317,157,356
80,DSR,Node L,0.0,False,425,78,356
80,DSR,Node M,0.0,False,420,81,356
80,DSR,Node N,0.0,False,334,167,356
80,DSR,Node O,0.0,False,320,180,356
80,DSR,Node P,0.0,False,432,72,356
80,DSR,Node Q,0.0,False,420,84,356
80,DSR,Node R,0.0,False,410,92,356
80,DSR,Node S,0.0,False,317,184,356
80,DSR,Node T,0.0,False,415,85,356
80,DSR,BS,82.59999999999975,True,87,0,356
80,SFA,Node A,97.79999999999997,True,6,5,356
80,SFA,Node B,97.99999999999997,True,5,5,356
80,SFA,Node C,97.79999999999997,True,6,5,356
80,SFA,Node D,96.59999999999995,True,9,8,356
80,SFA,Node E,95.59999999999994,True,13,9,356
80,SFA,Node F,97.19999999999996,True,7,7,356
80,SFA,Node G,96.59999999999995,True,9,8,356
80,SFA,Node H,97.79999999999997,True,10,1,356
80,SFA,Node I,97.59999999999997,True,7,5,356
80,SFA,Node J,96.19999999999995,True,11,8,356
80,SFA,Node K,97.39999999999996,True,7,6,356
80,SFA,Node L,97.59999999999997,True,7,5,356
80,SFA,Node M,96.39999999999995,True,9,9,356
80,SFA,Node N,95.59999999999994,True,14,8,356
80,SFA,Node O,98.59999999999998,True,2,5,356
80,SFA,Node P,96.59999999999995,True,8,9,356
80,SFA,Node Q,97.39999999999996,True,7,6,356
80,SFA,Node R,97.19999999999996,True,6,8,356
80,SFA,Node S,95.99999999999994,True,12,8,356
80,SFA,Node T,96.59999999999995,True,6,11,356
80,SFA,BS,87.99999999999983,True,60,0,356
85,DSR,Node A,0.0,False,8192,0,366
85,DSR,Node B,0.0,False,358,142,366
85,DSR,Node C,0.0,False,324,176,366
85,DSR,Node D,0.0,False,432,72,366
85,DSR,Node E,0.0,False,273,227,366
85,DSR,Node F,0.0,False,342,158,366
85,DSR,Node G,0.0,False,388,113,366
85,DSR,Node H,0.0,False,414,88,366
85,DSR,Node I,0.0,False,243,257,366
85,DSR,Node J,0.0,False,355,145,366
85,DSR,Node K,4.199999999999118,True,322,157,366
85,DSR,Node L,0.0,False,425,78,366
85,DSR,Node M,0.0,False,420,81,366
85,DSR,Node N,0.0,False,334,167,366
85,DSR,Node O,0.0,False,320,180,366
85,DSR,Node P,0.0,False,432,72,366
85,DSR,Node Q,0.0,False,420,84,366
85,DSR,Node R,0.0,False,410,92,366
85,DSR,Node S,0.0,False,317,184,366
85,DSR,Node T,0.0,False,415,85,366
85,DSR,BS,81.59999999999974,True,92,0,366
85,SFA,Node A,97.59999999999997,True,6,6,366
85,SFA,Node B,97.99999999999997,True,5,5,366
85,SFA,Node C,97.79999999999997,True,6,5,366
85,SFA,Node D,96.39999999999995,True,10,8,366
85,SFA,Node E,95.39999999999993,True,14,9,366
85,SFA,Node F,97.19999999999996,True,7,7,366
85,SFA,Node G,96.59999999999995,True,9,8,366
85,SFA,Node H,97.39999999999996,True,11,2,366
85,SFA,Node I,97.59999999999997,True,7,5,366
85,SFA,Node J,96.19999999999995,True,11,8,366
85,SFA,Node K,97.39999999999996,True,7,6,366
85,SFA,Node L,97.39999999999996,True,8,5,366
85,SFA,Node M,95.79999999999994,True,11,10,366
85,SFA,Node N,95.59999999999994,True,14,8,366
85,SFA,Node O,98.59999999999998,True,2,5,366
85,SFA,Node P,96.39999999999995,True,9,9,366
85,SFA,Node Q,97.39999999999996,True,7,6,366
85,SFA,Node R,97.19999999999996,True,6,8,366
85,SFA,Node S,95.39999999999993,True,14,9,366
85,SFA,Node T,96.19999999999995,True,7,12,366
85,SFA,BS,87.99999999999983,True,60,0,366
90,DSR,Node A,0.0,False,8192,0,376
90,DSR,Node B,0.0,False,358,142,376
90,DSR,Node C,0.0,False,324,176,376
90,DSR,Node D,0.0,False,432,72,376
90,DSR,Node E,0.0,False,273,227,376
90,DSR,Node F,0.0,False,342,158,376
90,DSR,Node G,0.0,False,388,113,376
90,DSR,Node H,0.0,False,414,88,376
90,DSR,Node I,0.0,False,243,257,376
90,DSR,Node J,0.0,False,355,145,376
90,DSR,Node K,3.1999999999991173,True,327,157,376
90,DSR,Node L,0.0,False,425,78,376
90,DSR,Node M,0.0,False,420,81,376
90,DSR,Node N,0.0,False,334,167,376
90,DSR,Node O,0.0,False,320,180,376
90,DSR,Node P,0.0,False,432,72,376
90,DSR,Node Q,0.0,False,420,84,376
90,DSR,Node R,0.0,False,410,92,376
90,DSR,Node S,0.0,False,317,184,376
90,DSR,Node T,0.0,False,415,85,376
90,DSR,BS,80.59999999999972,True,97,0,376
90,SFA,Node A,96.79999999999995,True,7,9,376
90,SFA,Node B,97.59999999999997,True,6,6,376
90,SFA,Node C,97.39999999999996,True,7,6,376
90,SFA,Node D,96.19999999999995,True,10,9,376
90,SFA,Node E,95.19999999999993,True,14,10,376
90,SFA,Node F,96.79999999999995,True,8,8,376
90,SFA,Node G,96.19999999999995,True,10,9,376
90,SFA,Node H,96.79999999999995,True,13,3,376
90,SFA,Node I,97.39999999999996,True,7,6,376
90,SFA,Node J,95.99999999999994,True,11,9,376
90,SFA,Node K,97.19999999999996,True,7,7,376
90,SFA,Node L,97.19999999999996,True,8,6,376
90,SFA,Node M,95.59999999999994,True,11,11,376
90,SFA,Node N,95.39999999999993,True,14,9,376
90,SFA,Node O,98.39999999999998,True,2,6,376
90,SFA,Node P,95.79999999999994,True,10,11,376
90,SFA,Node Q,97.19999999999996,True,7,7,376
90,SFA,Node R,96.99999999999996,True,6,9,376
90,SFA,Node S,94.79999999999993,True,16,10,376
90,SFA,Node T,95.59999999999994,True,8,14,376
90,SFA,BS,83.99999999999977,True,80,0,376
95,DSR,Node A,0.0,False,8192,0,386
95,DSR,Node B,0.0,False,358,142,386
95,DSR,Node C,0.0,False,324,176,386
95,DSR,Node D,0.0,False,432,72,386
95,DSR,Node E,0.0,False,273,227,386
95,DSR,Node F,0.0,False,342,158,386
95,DSR,Node G,0.0,False,388,113,386
95,DSR,Node H,0.0,False,414,88,386
95,DSR,Node I,0.0,False,243,257,386
95,DSR,Node J,0.0,False,355,145,386
95,DSR,Node K,1.5999999999991166,True,335,157,386
95,DSR,Node L,0.0,False,425,78,386
95,DSR,Node M,0.0,False,420,81,386
95,DSR,Node N,0.0,False,334,167,386
95,DSR,Node O,0.0,False,320,180,386
95,DSR,Node P,0.0,False,432,72,386
95,DSR,Node Q,0.0,False,420,84,386
95,DSR,Node R,0.0,False,410,92,386
95,DSR,Node S,0.0,False,317,184,386
95,DSR,Node T,0.0,False,415,85,386
95,DSR,BS,79.59999999999971,True,102,0,386
95,SFA,Node A,96.79999999999995,True,7,9,386
95,SFA,Node B,97.59999999999997,True,6,6,386
95,SFA,Node C,96.59999999999995,True,8,9,386
95,SFA,Node D,96.19999999999995,True,10,9,386
95,SFA,Node E,94.79999999999993,True,15,11,386
95,SFA,Node F,96.79999999999995,True,8,8,386
95,SFA,Node G,96.19999999999995,True,10,9,386
95,SFA,Node H,95.79999999999994,True,15,6,386
95,SFA,Node I,97.39999999999996,True,7,6,386
95,SFA,Node J,95.59999999999994,True,13,9,386
95,SFA,Node K,97.19999999999996,True,7,7,386
95,SFA,Node L,96.99999999999996,True,9,6,386
95,SFA,Node M,95.59999999999994,True,11,11,386
95,SFA,Node N,94.99999999999993,True,16,9,386
95,SFA,Node O,98.39999999999998,True,2,6,386
95,SFA,Node P,95.59999999999994,True,11,11,386
95,SFA,Node Q,97.19999999999996,True,7,7,386
95,SFA,Node R,96.99999999999996,True,6,9,386
95,SFA,Node S,94.59999999999992,True,17,10,386
95,SFA,Node T,95.59999999999994,True,8,14,386
95,SFA,BS,83.99999999999977,True,80,0,386
